id,name,country,price,count
100,EBRPoasNOy,Equatorial Guinea,8795.41,287
101,TEneSnks,Algeria,1678.76,866
102,rT,Malaysia,3382.23,3
103,gN rYf,"Korea, Democratic People""S Republic of",8039.36,452
104,mXBpHgQ,"Virgin Islands, British",1128.98,124
105,YlHIBOXMP,Bhutan,9379.67,542
106,izsOVlV,Romania,3082.46,351
107,XRGeWiyHP,United States Minor Outlying Islands,1239.33,906
108,xbhu,Israel,4830.21,212
109,k k,Reunion,9312.74,303
110,pAx,South Georgia and the South Sandwich Islands,1331.47,142
111,Nv,Bahrain,4427.66,521
112,mSfXtuj,Saint Helena,3226.99,75
113,ogDbKNIjmF,Barbados,5529.8,85
114,HaenO,Slovenia,8342.79,76
115,rFQe,Mauritania,1128.18,159
116,JuGhZ,"Taiwan, Province of China",2179.19,396
117,UwLZXW,Central African Republic,4302.47,240
118,tPcyi,Tuvalu,5305.16,413
119,GsFfkYW,Israel,46.83,313
120,lLq,Guatemala,898.65,539
121,vg,Eritrea,9755.52,737
122,yHhoJoQ,Bahamas,6495.51,520
123,Awu,Maldives,7526.47,372
124,dds,Malawi,9436.88,865
125,RYuZX EwZ,Namibia,3155.88,988
126,RR,Aruba,6607,968
127,teqo,Paraguay,6664.56,480
128,RwMzpfhHX,Mozambique,2003.84,746
129,knMqctxL,Kiribati,4970.86,484
130,"gAIlE ",Paraguay,9131.26,224
131,jmyYIUQm,AndorrA,117.07,686
132,gVy,New Zealand,4292.77,185
133,QmlSrdgu,Netherlands Antilles,8801.04,407
134,TYYVb cVQ,Denmark,5743.37,478
135,iIbXUb,Saint Kitts and Nevis,1477.65,566
136,DUACHnG,Suriname,6028.04,27
137,EWy,Philippines,7517.84,875
138,JJCDK ZsuO,Tonga,1593.52,78
139,aTlNYhv,Venezuela,3477.58,789
140,nRabMRqZI,Bolivia,6250.44,836
141,wLLqhSCO,Aruba,8933.12,388
142,OWw,Nicaragua,1910.01,363
143,iqBdQea,Nauru,3462.37,447
144,NhYShHiP,Zimbabwe,5058.96,795
145,oeFfT,Cuba,3222.13,231
146,xZv,"Tanzania, United Republic of",5652.9,709
147,BgAnEPM,Saint Kitts and Nevis,4812.03,444
148,veM,Singapore,2711.98,321
149,uqCWP,Timor-Leste,838.19,612
150,UjGvR,Guyana,349.51,924
151,mYiH plrJ,Dominica,73.43,526
152,PXz,Indonesia,3557.29,870
153,VQXLa,Congo,2073.78,739
154,zDlByM,Barbados,1710.88,246
155,pJGB,Tunisia,7448.37,291
156,WBEUZ,Mexico,3271.5,499
157,KRYgjLAUYt,Bulgaria,2466.72,706
158,heAmsog,Switzerland,1849.45,435
159,OnrXoXynp,Switzerland,8802.73,333
160,WjXosztNPf,Malta,551.63,629
161,RIetSNVx,Australia,8947.73,572
162,eULU,British Indian Ocean Territory,1601.08,224
163,vuQ,Gibraltar,8092.83,453
164,IcCF,Saint Lucia,5621.46,964
165,DMK,Colombia,9089.7,257
166,cPFkG,Jordan,8541.04,486
167,TOeZsNPsm,Haiti,8143.67,64
168,qzDsVqW,Bahamas,5143.74,639
169,uGvRVxqaeT,Maldives,5463.71,993
170,HhkMm,Bangladesh,8898.41,728
171,Jg eRP,Russian Federation,6348.43,382
172,wr,Sri Lanka,9182.95,340
173,RLzxLbPjkh,Sierra Leone,3102.03,106
174,rhVab,"Cote D""Ivoire",7140.86,447
175,EzPF,Jordan,1851.03,828
176,ECkXMm,Congo,908.06,999
177,YTph,Japan,5348.88,849
178,ktSQg,Bahrain,8887.14,653
179,eALJdse,United States Minor Outlying Islands,8026.09,194
180,oCYzUq,Timor-Leste,1190.19,112
181,ZKrp,Luxembourg,1111.02,678
182,KoCCioEw,Niue,5278.95,196
183,uZzbijXlQy,Kenya,5828.09,169
184,xXzHJsnAAG,Svalbard and Jan Mayen,5018.65,681
185," MhjWaLc",Saint Kitts and Nevis,1498.15,522
186,CSthS,Senegal,9663.8,571
187,osHQCqCEVR,Madagascar,2900.98,712
188," FbrApp",Croatia,6216.89,452
189,ogjZpoquK,Egypt,4417.53,977
190,ZnDk,Algeria,7390.17,891
191,vVgWmdGFAk,Singapore,5861.68,873
192,mJHkdtqHZV,Bouvet Island,1068.93,448
193,qWWtxie,Marshall Islands,2561.21,643
194,gVYLuJsEw,Belize,5596.09,222
195,rMiKSzr,Bolivia,7910.71,620
196,li,Pitcairn,6971.01,95
197,RJRGXUK,Slovenia,8963.82,213
198,vzsYKP,Italy,2016.86,669
199,SCUEoe,Cocos (Keeling) Islands,7609.75,190
200,vuX kgg,Antarctica,9828.07,773
201,ttcj,Ireland,7871,135
202,fBl,Northern Mariana Islands,5334.11,619
203,WZ,Central African Republic,5430.89,735
204,iGPjYN,"Congo, The Democratic Republic of the",733.09,904
205,SY,Mexico,431.85,86
206,lot,Jamaica,3951.44,853
207,gAAssliRyX,Bahamas,7103.75,240
208,nNZ,Myanmar,6182.47,67
209,iPJc,Latvia,328.96,7
210,ukcPrKnXb,Anguilla,321.37,226
211,emDweeKLk,Guatemala,7017.83,880
212,nGOvgGVXN,Madagascar,1403.35,90
213,bTaTCTRKu,United Kingdom,1484.96,990
214,Xeif,French Guiana,2219.19,13
215,wOxVDH,Gambia,8119.19,762
216,vsiMBphQUL,Poland,2285.41,226
217,zF,RWANDA,174.14,827
218,fPBWlYkdy,Nepal,7781.51,824
219,eXmOCfiar,"Korea, Republic of",1504.88,926
220,GGEsxiIAR,Somalia,3668.01,961
221,Cj,Switzerland,2437.6,362
222,YqUp,Guinea-Bissau,926.73,620
223,QhA CxZ,Cameroon,6144.9,664
224,lLxyOWnt,Luxembourg,1052.21,735
225,L YS,Greece,6806.3,866
226,fuadTADkBF,Martinique,167.55,212
227,MJE,Macao,7771.4,958
228,pIeErJejlB,French Guiana,420.93,11
229,gR,Sudan,4422.9,312
230,eLn,New Caledonia,2274.96,233
231,hsikwF,Fiji,9726.53,540
232,idhOJOuRJ,"Tanzania, United Republic of",6543.28,521
233,krGc,Burundi,2341.65,557
234,eyUKcFbcVY,Dominica,2575.56,640
235,VBIIZxKK,Tunisia,8054.5,316
236,cvNMA,Fiji,2197.58,178
237,TYy,Ecuador,1087.39,619
238,QBBXGjTgX,Belize,4391.93,197
239,IG,Australia,2855.76,681
240,xM,Burundi,4128.77,241
241,JjRTtAhbx,Algeria,3154.23,668
242,DeAwNeyYH,Yemen,2648.06,29
243,Zj,Cocos (Keeling) Islands,4881.14,723
244,SFnKboszP,Sierra Leone,6681.75,936
245,ukElMcY,Timor-Leste,563.26,725
246,qJU,Honduras,6455.1,386
247,PsbHFovxIp,AndorrA,6522.6,401
248,wGmgyKBbA,Nepal,8375.81,390
249,JJvwJ,AndorrA,6116.66,632
250,vDCcSVkXZ,Ghana,4239.63,328
251,zaq,Armenia,3333.86,960
252,GFju,Macao,5091.13,563
253,xLJorbafX,Antigua and Barbuda,4394.84,286
254,KiFJr,Jersey,5700.91,902
255,U PbK,Honduras,3669.27,304
256,vtgqImcMPw,Gambia,646.24,745
257,sGtM,Madagascar,7079.93,825
258,tVNoOwf,Sao Tome and Principe,4872.41,786
259," L",Botswana,8264.66,829
260,tGP,Croatia,1426.85,608
261,Ep Zno,Slovakia,8485.84,991
262,buAtuH,France,7010.56,562
263," Eg",France,6790.99,367
264,ntYtpRwH,Bosnia and Herzegovina,2993.64,175
265,qe,Tunisia,5653.92,582
266,KlqWrh,Barbados,8902.23,948
267,"Ndsog WvI ","Korea, Democratic People""S Republic of",4126.65,849
268,qWQtzGmAn,Singapore,8449.29,691
269,xGWaFc,Cayman Islands,6927.22,224
270,ygefbZfZN,Denmark,6671.43,960
271,HD,Falkland Islands (Malvinas),7511.03,73
272,sdjhPO,Panama,9850.9,697
273,zhemEI,Sweden,7431.98,736
274,Wzvpz,Gibraltar,8681.62,912
275,ICQNA,Slovakia,2043.54,469
276,UFNx,Somalia,4659.17,317
277,nDvMpk,Gibraltar,6731.58,689
278,Wc uDI,Norfolk Island,8652.04,748
279,wUGxOiYp,Uganda,6324.22,323
280,ZonheOsqd,Papua New Guinea,193.92,996
281,VbfgpLeKS,Falkland Islands (Malvinas),1125.35,948
282,QvSltEPPq,Netherlands,2477.13,250
283,jcWsh,United States,4951.02,721
284,NHXQtii,Luxembourg,5565.52,669
285,PzwgThEJ,Tonga,3622.15,747
286,fEscwQ,Panama,6547.09,123
287,jb  AYt,Nauru,4338.53,975
288,mgb QLXZ,Svalbard and Jan Mayen,3028.34,347
289,fow,Swaziland,1933.16,784
290,XHzh,Djibouti,9798.44,288
291,phljqkdiQ,El Salvador,3724.28,912
292,HeO,Lebanon,2733.13,899
293,WpRexlrVr,Saint Vincent and the Grenadines,9413.94,608
294,lNARzb,China,3246.04,3
295,fV,Heard Island and Mcdonald Islands,6600.31,439
296,nAKaMkid,Gambia,7119.87,859
297,Nm,Antarctica,6653.42,228
298,tu,France,3268.04,182
299,VgU,Montserrat,2501.17,973
300,FjEVDb,Lebanon,9914.48,735
301,vnVrMjsozL,Kiribati,9852.93,585
302,zoAjnrqw,Saint Vincent and the Grenadines,5639.73,362
303,sfWMpWT,Burkina Faso,9342.31,87
304,UxhWbNDDC,Mongolia,8804.43,959
305,tMXutVvg,Nicaragua,1667.72,777
306,VZrgG,Maldives,5715.28,588
307,ctyU ViI,Germany,9681.06,836
308,wgR,Argentina,5472.97,922
309,vcIdrwaL,Namibia,3448.23,120
310,KQkuRW,Switzerland,5140.39,282
311,DtfXQJLkt,Isle of Man,3358.32,304
312,OMAaqmcBE,Central African Republic,492.1,342
313,RuLCbeHO Z,Timor-Leste,4793.32,582
314,QFrQtRNg,New Zealand,8397.47,902
315,TShYbj,Sao Tome and Principe,7930.93,738
316,yvxgc,Faroe Islands,3621.88,490
317,akEw,Cyprus,7374.83,148
318,ExhQtn,Barbados,9319.49,45
319," aBkjF",Suriname,1233.97,105
320,awqKyzhrF,Azerbaijan,4367.15,882
321,yAQHOTkJ,Austria,1843.01,258
322,jjuGeM,Jamaica,4464.35,472
323,yFLL,Tunisia,4869.81,986
324,YNdXSsSD,Germany,5835.01,881
325,ql,Botswana,9733.54,728
326,QxmRJLd,Jamaica,5421.7,982
327,mD,Northern Mariana Islands,9089.78,104
328,XmXstrnlI,Haiti,9399.85,574
329,C m,Malaysia,6365.91,625
330,LEkpwWHFTg,Aruba,8883.54,167
331,dhqc,Mozambique,3757.1,721
332,SeHhU,Palau,703.12,309
333,jVl Kj,Philippines,1554.77,716
334,PSJVun,Dominica,4087.49,592
335,YqgxBlydFh,Niue,7301.97,560
336,zwAeBmfTZL,Niger,3788.87,809
337,Ixg,French Polynesia,8569.76,660
338,bE,Ghana,1109.2,79
339,UDgXl,Cayman Islands,391.4,493
340,"  eceu",Grenada,4703.42,220
341,sKwhLTir,Togo,7945.17,951
342,xbYabcfvtN,Netherlands Antilles,8331.72,229
343,pjJckONj,Honduras,8315.86,189
344,cGLi,Tokelau,6244.33,172
345,GnjvLu,Bangladesh,6512.92,318
346,xRNGQBxpIg,United Kingdom,7161.84,641
347,cFOLv,Botswana,7870.74,669
348,"mwl k ",Cyprus,5386.73,6
349,CuHU,Fiji,7418.78,775
350,NEKQGn,United Kingdom,655.57,771
351,vuxUJIf,Tajikistan,4872.26,922
352,LMwD,Romania,1536.64,274
353,Q RJAHTL,Trinidad and Tobago,4521.26,529
354,OWIA,Jamaica,3601.3,764
355,VerXip,Lithuania,8408.21,553
356,zAdHa,Pakistan,1295.78,798
357,VfkWOryk,Aruba,4696.14,475
358,dqMATE,Holy See (Vatican City State),9899.82,820
359,utgCvwK,United States,7288.78,745
360,WAUkSBSx,Yemen,1567.43,855
361,YyuII,Barbados,5714.35,133
362,Bur,Burundi,8630.09,49
363,VKaMyBItr,Saint Pierre and Miquelon,9038.28,487
364,SYQm,"Macedonia, The Former Yugoslav Republic of",6645.19,893
365,lGjN,"Palestinian Territory, Occupied",1718.75,69
366,MpGI,American Samoa,2934.82,744
367,TnKNt,Indonesia,5827.57,601
368,MupjlKtpj,Lithuania,5118.4,719
369,XT,Belgium,197.68,360
370,zKziZ,"Micronesia, Federated States of",7416.95,984
371,GbWc JDlM,Grenada,3422.64,194
372,nYFWiUN,Latvia,3797.9,656
373,mInPWLQ,Saint Kitts and Nevis,5153.67,49
374,gJY,Somalia,9892.6,256
375,sNozzhUKE,Palau,3609.13,464
376,ZPuja,Greenland,7185.26,432
377,ALmRz,Indonesia,5567.71,503
378,aED,Christmas Island,6329.06,109
379,Qe,Antigua and Barbuda,7492.05,376
380,qaVzl,Hong Kong,210.59,982
381,Kdj,Cameroon,2886.96,820
382,DlIiMY,Liberia,583.16,37
383,bUvhaNHZJO,Tokelau,5706.05,897
384,VKYnkUlyq,Bosnia and Herzegovina,7881.54,350
385,kzrjt,Ukraine,4080.24,283
386,aR,Anguilla,423.13,782
387,zk,Sierra Leone,2168.48,552
388,HKQzgjwn,Australia,6151.81,255
389,cdrpA,Niger,7150.65,396
390,cRKyAhnbIR,Tunisia,4340.72,19
391,GahNVIGz,Chad,9376.42,962
392,OnLpSpU,Austria,2597.24,855
393,yWQqaDj,Gabon,2072.07,595
394,CTWTO,Tajikistan,5473.37,193
395,lUDCOVd,Serbia and Montenegro,293.94,353
396,"lK ",Saint Vincent and the Grenadines,722.17,967
397,IGnouGApD,Syrian Arab Republic,8584.49,256
398,ukZhTlIIH,Mongolia,7248.91,740
399,jCfD,Philippines,3664.85,763
400,OvsWgDtIIe,Faroe Islands,8384.43,471
401,pGBBI,"Taiwan, Province of China",4353.81,810
402,rHzY,Saint Helena,3640.82,20
403,AGYZFFzdkd,"Korea, Democratic People""S Republic of",6308.82,697
404,zAOYlSqLHW,Niue,2555.87,101
405,qYQ,Peru,309.92,134
406,hjljhQ,Portugal,7493.34,4
407,A lO,Angola,574.79,959
408,DjryoBwnNL,Cape Verde,5737.68,111
409,seK,Dominican Republic,8983.28,539
410,xlMTeIFb,Singapore,9385.06,884
411,FGdVS,Ethiopia,2736.02,455
412,uQPni,RWANDA,4727.35,496
413,llMos,Cook Islands,3314.91,88
414,mIaz,Japan,1399.69,834
415,SkVhHqwV,Burundi,8681.14,308
416,ezzlzYb,Kazakhstan,854.75,797
417,SeiOdJWeq,Niue,7849.1,91
418,GpNvhhG,Canada,2538.11,896
419,ctktX,French Guiana,223.01,468
420,ZZ,Christmas Island,2446.94,840
421,WlaHpSOf,Israel,6097.02,60
422,sAFl,Estonia,3071.85,148
423,DVsz,United States,8286.21,432
424,hLdhHgx,Liberia,6026.71,44
425,XvzMh,Ghana,2495.43,46
426,jdIrkPuxfS,American Samoa,4394.45,80
427,mSp KacORa,Armenia,3490.55,911
428,un,Dominica,7453.86,782
429,HQ,Anguilla,3504.32,1
430,kYFruPEnU,Norfolk Island,949.49,329
431,ZNmDnKIQ,Singapore,8820.2,507
432,oihFgUaMOj,French Southern Territories,6560.2,276
433,dhW,Haiti,6220.95,162
434,KsmOHsE,Sri Lanka,4438.55,338
435,Jk,South Georgia and the South Sandwich Islands,191.88,910
436,eOopROKidc,Madagascar,2006.23,46
437,kQA,Oman,7976.11,201
438,zvTax,Georgia,4705.21,54
439,eSPVcUruZ,Syrian Arab Republic,9092.76,456
440,WUuolXQ,Uruguay,2464.99,555
441,Lm BGFrS t,Saint Kitts and Nevis,8791.7,174
442,koloJMiN,Thailand,9005.74,705
443,dxtBP,Sierra Leone,7085.45,129
444,XrLFJ,Malaysia,4826.19,528
445,"qEldLz ",Pitcairn,7978.89,480
446,ziCfXzPNI,United States,7902.2,870
447,baGNXZk,United States Minor Outlying Islands,744.13,725
448,NAtpMIciv,Comoros,1167.93,994
449,Yy,Venezuela,3003.36,171
450,RFZ,Hungary,822.14,586
451,em,Holy See (Vatican City State),9206.59,539
452,GS cnh h,"Congo, The Democratic Republic of the",8025.87,796
453,GULrhJLPd,Afghanistan,9640.72,822
454,lqIBDt,Israel,89.56,677
455,vEbPA,"Lao People""S Democratic Republic",6847.43,953
456,gqadoYciX,Slovenia,432.47,934
457,leDkBxM Ri,Austria,7970.68,818
458,hWE,Malta,694.65,547
459,zUPgrc,South Africa,1969.84,620
460,qZuvnS,"Micronesia, Federated States of",9820.71,323
461,jKiuw,Guinea,4321.5,902
462,lQIXijleF,Northern Mariana Islands,7754.2,564
463,qPnLryRcE,Turkmenistan,8161.88,989
464,XZYCd,Tokelau,3139.01,847
465,HOrGFWW,Turks and Caicos Islands,3115.87,553
466,vEEwvj,South Georgia and the South Sandwich Islands,5405.8,707
467," RrdScsRj",French Polynesia,3171.78,681
468,T UaqnbsfY,"Virgin Islands, U.S.",8129.83,783
469,fU,Croatia,9406.07,337
470,XUILrO,Congo,2960.69,387
471,uwB wmxHN,Poland,1198.86,112
472,phjtZYwLS,Egypt,1359.78,720
473," VFW",Barbados,862.56,943
474,rkyuXLVMY,Latvia,9837.38,445
475,kooFqtU,Madagascar,4935.22,456
476,tkWPpQoHG,Belgium,2534.63,90
477,sNxRq,"Moldova, Republic of",7856.09,681
478,lWOFtTb,Mauritania,603.77,583
479,aRl,Guinea-Bissau,4531.04,882
480,qjjUIgu,Albania,6593.59,91
481,Eo,Saint Pierre and Miquelon,4932.61,606
482,DUwmZ,Kyrgyzstan,8849.76,168
483,Yg CZpQ,Japan,8802.71,369
484,hde,Togo,4518.61,888
485,E NlJBJ,Saudi Arabia,7446.22,310
486,VXYP,Germany,8262.51,256
487,xcKvHPYF,South Georgia and the South Sandwich Islands,6454.72,240
488,paHied,Syrian Arab Republic,3777.54,310
489,KWufSJjLV,Denmark,6262.73,726
490,kncAZxPZIV,Algeria,7407.14,599
491,rqmxbzt,Sierra Leone,9519.77,995
492,Ya,Malaysia,4057.78,952
493,kgNl N,Cocos (Keeling) Islands,8156.61,836
494,KaYLjdzwU,Qatar,1841.41,20
495,up,Bermuda,1745.44,252
496,CQU,Paraguay,6697.08,651
497,SFDSXbLs,Barbados,7822.88,134
498,WoOohpee,"Tanzania, United Republic of",540.67,163
499,LKJwAU,Tokelau,4648.81,703
500,rm,Tunisia,514.51,876
501,EsvoUKxp,Guadeloupe,5160.89,858
502,YfKeUO,Qatar,2177.74,974
503,oVFwl,South Africa,7255.97,859
504,sLrRsC,Cayman Islands,6224.14,719
505,rzApjvvN,United Arab Emirates,2082.07,993
506,SPxq,Western Sahara,9802.99,99
507,KczPfEt,"Iran, Islamic Republic Of",6912.89,584
508,Oxu,Swaziland,728.21,862
509,pLxyzoU,Lithuania,5098.29,230
510,oMW,"Moldova, Republic of",1006.17,624
511,MkHBDl,Marshall Islands,1411.33,857
512,sXjeoMnU,Tajikistan,3720.35,214
513,MkvQjvgqqp,Paraguay,4971.36,42
514,uh,Latvia,7416.25,973
515,"lQVRiFD ","Moldova, Republic of",3586.08,466
516,"uarPud ",Mexico,6076.22,401
517,xQGVeVadZj,AndorrA,772.16,309
518,YNBa yy,Turkey,3252.74,594
519,oKtfV,Algeria,2183.09,983
520,PtYYnwEfy,San Marino,1150.49,241
521,gbcS,Finland,272.88,486
522,fpNA,Philippines,2427.62,702
523,bbvyKQpR,Brunei Darussalam,6705.22,599
524,sw,Mali,6063.03,167
525,hK,Suriname,8546.59,195
526,t ZR,Isle of Man,3396.73,781
527,u zYs,RWANDA,4207.99,429
528,VX,"Lao People""S Democratic Republic",7531.84,91
529,vDNN,Ecuador,1945.42,278
530,FKpxfsT,New Zealand,8181.4,133
531,FKja,South Africa,5133.64,612
532,GMEQSNs,Tajikistan,1167.03,181
533,noDXA,Ethiopia,944.15,186
534,VuIpoQ,Jersey,5017.58,793
535,PJKO,"Moldova, Republic of",5103.28,712
536,JJAKKxRs,"Iran, Islamic Republic Of",5072.2,631
537,tvlkRhes,Belarus,6373.45,169
538,SJ,Turkey,5987.79,546
539,Fiq,Colombia,3821.25,158
540,WQOK,Austria,3653.28,890
541,YVF,Albania,4884.16,93
542,BgVEQWKF,Jersey,1672.03,956
543,ZXq,Kuwait,9008.32,20
544,fiZpZM,South Georgia and the South Sandwich Islands,7759.65,891
545,DGyek,Cyprus,6308.95,67
546,rJHFDv,Hungary,2374.65,87
547,popwhLAMo,Lesotho,1532.97,846
548,OZJ,Oman,7718.86,298
549,"sbJF ZgU ",Niue,685.66,696
550,KtASmarET,British Indian Ocean Territory,3757.27,52
551,GDdIrLFv,Portugal,7324.34,715
552,lD,Malaysia,1417.13,226
553,teYfIwe,Gibraltar,279.11,798
554,rQIiE,Mozambique,5274.25,190
555,imQfFww,Bahrain,9592.12,629
556,hSldvgwXnb,Djibouti,3924.18,819
557,zT,Gambia,6562.62,564
558,ZlroUPziEQ,Bosnia and Herzegovina,4875.83,80
559,GFTBmWfW,Brazil,7011.18,311
560,rhWPixzNb,Israel,5724.51,693
561,kQAHpRLs,Kiribati,8837.28,776
562,DMGYBQEDF,Saint Helena,2063.97,952
563,JLIpuw,Antigua and Barbuda,3709.91,30
564,SWQ,Tunisia,2442.5,180
565,VKdfCdubGt,French Polynesia,2329.04,534
566,REW,Tuvalu,8367.12,346
567,hFQkA,Argentina,8416.29,666
568,gJIMxfoS,Mexico,7714.1,564
569,yq PvYmYXd,Netherlands Antilles,4736.32,225
570,QCAblyPE N,Belgium,2518.4,33
571,YKu,Afghanistan,31.7,263
572,rN,Norway,8075.53,538
573,"u ",United Arab Emirates,3056.3,481
574,jQNdUGO,Turkey,2144.12,794
575,nw,New Zealand,7103.37,102
576," m",Barbados,7530.9,901
577,YzYlrGWwdy,Bouvet Island,9400.98,574
578,xtudG,Martinique,5130.28,823
579,uTlvUJT,"Lao People""S Democratic Republic",8878.03,212
580,rzUhodoTIP,Equatorial Guinea,3176.44,718
581,rVF YXbPz,Antigua and Barbuda,9834.68,915
582,UMSIhAAd,Cuba,5158.26,365
583,EyGSnqQAhg,Armenia,7122.08,614
584,ypB,Madagascar,3125.23,85
585,tHl,China,6966.39,666
586,nivnLuR,Hong Kong,2144.78,576
587,LjfIzFLY,France,5283.29,730
588," tB",Malawi,2913.91,140
589,sHJ,Guinea-Bissau,3459.18,148
590,AnKNcOWsAZ,Italy,6197.83,323
591,yVG,Syrian Arab Republic,6990.88,819
592,YMFjfJxeiL,Argentina,9959.97,8
593,IXDyvDJ,Bhutan,863.23,673
594,vsBr,Faroe Islands,6696.46,39
595,xcehWtTOg,Guatemala,9264.97,496
596,"T ",Hungary,2259.98,344
597,todhD B,United Kingdom,7426.64,256
598,GHxg,Hungary,6514.34,657
599,K  ACGTtcN,Nepal,1669.98,57
600,CMlJypJ,Burkina Faso,4800.52,506
601,qMigQRPLcf,Antigua and Barbuda,42.77,303
602,xidvxbhmDR,Papua New Guinea,1070.37,370
603,GJAogQndP,Barbados,1031.12,270
604,kDKjs,Costa Rica,3463.06,271
605,HSc,Cook Islands,3414.4,938
606,LAxtB LGl,Chad,8445.94,445
607,wUaIp,Croatia,4825.95,432
608,Wk,"Virgin Islands, British",1270.69,859
609,pLSRp,Guernsey,7239.14,297
610,rzROSDO,Comoros,6081.37,965
611," LDUIM",El Salvador,2343.85,348
612,zraT,Zimbabwe,9838.19,157
613," oMQGj",Ecuador,2712.35,611
614,FCc,Saint Lucia,4106.83,413
615,sPIwiOugq,Monaco,7937.76,485
616,MRKHLuDIYI,Guyana,7705.61,592
617,gPUUTw,Thailand,786,582
618,fGNPVN,Angola,2210.44,619
619,UvioJKxNSh,Netherlands Antilles,9001.12,953
620,jUwnDhUFM,Kuwait,8543.83,729
621,rmQOhg,Puerto Rico,8332.26,840
622,vnnYDmF,Syrian Arab Republic,6800.25,614
623,GYNHEvXHN,Saint Pierre and Miquelon,3061.65,197
624,UE,Tonga,899.61,108
625,ltBuD,Albania,3426.01,610
626,EK,Chile,9119.67,917
627,Ht,Iceland,1594.08,421
628,"bCYEtCuvZ ",Russian Federation,3630.32,653
629,spNJrGq,Anguilla,3579.46,179
630,hffDiIgmfC,Cambodia,7017.45,632
631,"axDcq ",Poland,2043.68,775
632,xsDSYEY,Madagascar,634.88,703
633,yVqhAjP,Ireland,20.66,698
634,hkn,Belgium,2257.77,576
635,vDZpWtAjc,Maldives,5904.66,349
636,saAHLdC,"Korea, Republic of",5631.21,732
637,OwT,Jersey,3761.66,800
638,"ATOdfzJv ","Korea, Republic of",4744.24,888
639,ipEyAECQg,Marshall Islands,2348.96,48
640," wbL",Philippines,4482.02,24
641,OkTjQRwQ,Anguilla,5568.43,550
642,NKd,Dominican Republic,9587.5,512
643,qKmtCh,Zimbabwe,525.71,114
644,vir,El Salvador,1652.34,374
645,rUH,Portugal,2189.68,980
646,Sevk m,Ireland,8993.11,172
647,ppNymqO,Tokelau,1396.88,594
648,nopsvcBpa,Belarus,3003.5,578
649,YO,Isle of Man,8712.94,297
650,RKZHSA,Mexico,1990.84,12
651,wCTCs,Benin,2720.55,243
652,iNAhJ,Turks and Caicos Islands,6638.01,355
653,Aurc,Antarctica,7289.29,201
654," GBPpCxh",Norfolk Island,9044.93,321
655,EHcVtYWc,Philippines,8449.7,572
656,kiCLRud,Qatar,3713.83,252
657,eQnH,Kyrgyzstan,1020.11,799
658,eRoy,"Iran, Islamic Republic Of",6348.62,15
659,FnEbZeQTo,Sao Tome and Principe,6456.02,742
660,XhjGfZtuP,"Korea, Democratic People""S Republic of",7134.86,994
661,lBAj,Switzerland,2642.73,516
662,jukyzdauYQ,Gambia,816.56,643
663,yEmsUSym,Norfolk Island,8995.38,487
664,NoUQeYVWZI,Bermuda,4743.54,122
665,DNxpeJbtOw,Togo,3396.46,126
666,kQScZUKlic,Guam,9846.64,236
667,wxsMwqksFC,Haiti,5727.69,324
668,aEBbLT,Romania,8173.89,921
669,ta,Norway,1706.46,427
670,rw bez,Svalbard and Jan Mayen,7121.65,632
671,mynFc,Cape Verde,4258.69,110
672,mFvTKL,"Iran, Islamic Republic Of",3329.5,9
673,bHMr,Austria,2042.26,592
674,yQVDukgp,Finland,2510.68,575
675,cKwObTopMI,"Cote D""Ivoire",3664.2,507
676," XvXePZGNE",Svalbard and Jan Mayen,3492.4,871
677,uRvUR,Saint Lucia,3376.44,370
678,gp,Botswana,2666.57,451
679,dMphessUJ,Morocco,7918.5,647
680,ygIJ,Brunei Darussalam,1492.75,388
681,mBHdpNHOx,Sweden,3563.98,459
682,y GrGaPd,Bangladesh,1803.22,545
683,qnH elQzD,Armenia,189.11,397
684,lJfgSTe,Myanmar,4815.53,418
685,BHJZhZ,Åland Islands,3099.59,921
686,ZrWpr,Iceland,3114.53,890
687,JlaQw,Mauritius,7601.5,191
688,Bnh,South Africa,8493.98,178
689,po,Israel,4801.79,545
690,bHbQUInCZ,Myanmar,4800.36,788
691,Lc,Turks and Caicos Islands,1826.94,77
692,Thszt X,"Macedonia, The Former Yugoslav Republic of",9828.25,572
693,"MyZNVblxH ",Ireland,2507.73,276
694,Lcch,Netherlands,7369.93,701
695,Dc,Kyrgyzstan,6696.6,354
696,LpBZqPDbV,Tunisia,9595.99,812
697,WNVqALda c,Turkey,7661.41,482
698,DylxEtbkkk,Svalbard and Jan Mayen,6621.47,420
699,JfYP,Thailand,8410.09,883
700,VLWBEXPKT,France,5757.35,992
701,VpthOZQ,Turks and Caicos Islands,4849.76,301
702,Ls,Uganda,6964.09,144
703,LEQvt,French Southern Territories,3251.89,531
704,YpdyxaOzh,"Tanzania, United Republic of",4701.08,495
705,ZRRg,Gabon,2584.16,117
706,AFxGUGAEOm,Uzbekistan,6629.05,374
707,wajq,Svalbard and Jan Mayen,6801.38,250
708,bGuUGR i,Bermuda,8279.74,16
709,jdIUtjQ,American Samoa,5295.59,403
710,PyHU,China,6554.36,131
711,JcfIV,Turkmenistan,4307.08,919
712,wfrntMHf,Gibraltar,8948.54,196
713," Tanip",Tonga,1073.8,162
714,ahod,United Arab Emirates,6567.67,591
715,pgIq,Thailand,9158.39,796
716,Vxw,Cuba,1108.33,228
717,ugYxVzR,Bulgaria,4995.07,79
718,Iey,Fiji,736.57,854
719,Afb,Bhutan,2222.77,799
720,Xq,Bosnia and Herzegovina,8395.44,135
721,XuFNGTwhGX,Trinidad and Tobago,1838.16,1000
722,gR,Holy See (Vatican City State),3696.47,508
723,UIkZiJfbuh,Trinidad and Tobago,7546.3,601
724,TTX,Finland,3864.62,15
725,IHSQW,Kuwait,9169.29,987
726,EnNDJyML,Malaysia,6274.46,455
727,lZpYw,Holy See (Vatican City State),8552.36,262
728,jULra,Viet Nam,2915.6,497
729,Yl,Armenia,2722.22,666
730,YuAyztV,Singapore,2748.03,591
731,Dhm,Italy,4457.67,451
732,fJ,French Guiana,3391.86,4
733,FnpWoCN,Chad,5532.03,657
734,RIcX,Turkmenistan,8570.32,43
735,N R,Trinidad and Tobago,360.12,248
736,pIPvmmvx,China,4824.33,310
737,lCRArGQjK,Gibraltar,5210.77,816
738,HMdWzN,Costa Rica,9851.23,73
739,kNsph,"Micronesia, Federated States of",1814.63,614
740,"L ",Bolivia,1762.25,267
741,eRN,Guam,7984.97,981
742,ZVXoPvNckM,Singapore,1781.94,834
743,sDv,"Tanzania, United Republic of",2215.54,601
744,GsNETlXSi,Turks and Caicos Islands,8174.44,57
745,CcDx,Mauritius,6258.29,280
746,tDTs,Tokelau,6319.74,50
747,pZ,Bouvet Island,5459.9,423
748,pgvfyJ,Argentina,6536.53,239
749,YYvt,Jamaica,1225.69,878
750,odCegX Ys,Egypt,1045.2,333
751,uQVvn,Cayman Islands,1721.92,50
752,LsXmgTuTqA,Sri Lanka,2381.88,566
753,QzBABGn,Guam,8672.93,140
754,FuPHj,Palau,6683.48,407
755,AQQJV,"Macedonia, The Former Yugoslav Republic of",9611.88,88
756,nu Xq,Greece,5683.53,92
757,RPL,New Caledonia,9244.98,997
758,DJBLEqwb,Vanuatu,2479.86,496
759,BbV,Reunion,6920.27,498
760,EYdaA I,Slovakia,3968.31,767
761,arI,AndorrA,8737.9,120
762,uTZcNGS,Ecuador,3994.42,235
763,pCZcdD,French Guiana,6696.9,583
764,TjVWePVkWS,"Micronesia, Federated States of",6095.08,628
765,yEUBzXQBRR,Congo,6709.33,107
766,yRZ,Ghana,1829.81,604
767,YKsm,Slovenia,1577.21,357
768,xvfn,Guyana,2993.18,84
769,fSAB,Ecuador,7722.55,159
770,QAMdmGgFq,Zambia,91.63,26
771,ud,Netherlands Antilles,1034.57,242
772,s TmGkrdBc,Lesotho,2579.42,524
773,esFdS,Albania,5703.17,699
774,JuA,Martinique,2904.2,968
775,ue,Solomon Islands,3702.02,386
776,TnANXP,India,9986.45,944
777,cYBuS,Morocco,8175.59,102
778,yszXwgqI,South Africa,7312.25,661
779,ZCEHgTCN,Afghanistan,6215.03,245
780,frgd,Senegal,659.89,812
781,EApPnvIYu,Tunisia,3533.4,356
782,GR,Liechtenstein,9254.14,472
783,wKFjB,Saint Vincent and the Grenadines,214.49,457
784,Qj,"Palestinian Territory, Occupied",5870.49,630
785,uJnvVcm,Samoa,1856.85,379
786,ewGSxFv,Tajikistan,2779.1,261
787,vtlYSlUdM,Sudan,7387.14,421
788,WOeHklzRYu,Spain,3549.78,711
789,OC,Martinique,629.65,16
790,SRHuFs,Mongolia,1329.99,915
791,PgrqDstp,Italy,9580.48,653
792,VQl,Cape Verde,9485.95,957
793,za VdvN,Costa Rica,183.75,647
794,YYcKg,Ukraine,6138.77,831
795,ZyLh,"Moldova, Republic of",2909.61,549
796,lJoBOo,Marshall Islands,9811.8,829
797,bTws,Mali,4371.63,870
798,QIfTrj,French Southern Territories,5389.86,436
799,kpUdIKIao,Saint Pierre and Miquelon,3571.47,425
800,SUZuL,"Taiwan, Province of China",4561.26,936
801,gOUCszcmgl,Nigeria,7404.25,918
802,pNffyA,Macao,9741.19,584
803,VYJe,Peru,4663.29,838
804,XTAXZrWev,Tonga,3398.49,245
805,oIavBl,Samoa,6227.26,396
806,DBpyJKA,Morocco,4229.4,506
807,ccYbfNsPWj,United States,6751.03,114
808,mJwcHzrAQ,Luxembourg,1414.71,810
809,HIHJqAs,Macao,6515.11,2
810,xVF,Sierra Leone,1504.67,608
811,svUwgaCAdu,Nicaragua,7284.16,705
812,aQIiF z,South Georgia and the South Sandwich Islands,3546.36,979
813,Lf,Mexico,85.42,747
814,cFlRN,Tuvalu,996.97,211
815,WRqf,Spain,8978.9,155
816,dTBU,Guadeloupe,6355.52,151
817,immEBPc,"Tanzania, United Republic of",9321.46,329
818,ZBqSZRmSII,Cameroon,4781,423
819,MaxGyNQ,Nepal,2208.97,904
820,Sca,Botswana,7128.87,653
821,t TkpkO,Yemen,9594.21,789
822,JeDfXH,Iraq,9787.13,764
823,atB,Saint Kitts and Nevis,5005.36,694
824,IASaLaBc,Kyrgyzstan,9918.68,391
825,pzUeHOcsIG,Malaysia,6678.53,138
826,NAUTgDAO,Tunisia,8884.8,273
827,H C MjwrG,Barbados,846.42,686
828,OZw,Tajikistan,1313.91,637
829,DuK,Lithuania,5589.53,946
830,llFnfdvNkd,Canada,2719.92,841
831,oIS,Mayotte,9974.6,58
832,PBRh,Jamaica,7547.21,262
833,pAk,Holy See (Vatican City State),3975.28,904
834,QdN,Germany,9757.51,989
835,KkBWUbas,Belize,9133.33,331
836,exjZWlxQSd,Tajikistan,3677.42,135
837,pmCzbUbY,Jamaica,9772.05,126
838,odcN,Gambia,316.59,299
839,vZOOeOj,Guyana,7844.82,385
840,hqSRyQ,Nepal,2944.43,421
841,kMTAX,Japan,6563.09,745
842,FqrSSlk,Austria,5458.84,525
843,vbuhydhqKC,"Lao People""S Democratic Republic",7243.48,858
844,RE,Macao,1206.35,298
845,bNWxDEZ,Chad,3133.31,36
846,HN,Antigua and Barbuda,7887.07,495
847,JLb,Uganda,757.45,543
848,hDha,Estonia,1486.43,605
849,qQFE,Sierra Leone,5105.03,478
850,fVE,Isle of Man,5936.99,239
851,kDTlgdb,Paraguay,27.06,902
852,rt,Solomon Islands,5822.41,542
853,yIsbk,British Indian Ocean Territory,7450.47,76
854,EHInyR,Guatemala,881.5,805
855,jbCy,Myanmar,8517.12,533
856,FITTlLVMtc,Canada,1320.74,385
857,eVoI,Greece,4791.78,242
858,ntQa,Madagascar,5500.53,639
859,Kb,Pitcairn,4039.82,385
860,qPbIhn,Chile,6920.39,460
861,axKbyxe,Hong Kong,3244.93,284
862,BlIhrnXG,Australia,9970.28,359
863,MWGrYnoq,Singapore,7350.74,745
864,ycgsp,Italy,3580.36,764
865,SJjkgTvpG,Christmas Island,9026.5,296
866,TDeNmwrlB,"Virgin Islands, U.S.",1353.98,249
867,Udv,Christmas Island,2227.27,890
868,FkQSL,Morocco,6391.71,401
869,sFBFZW,Armenia,658.93,481
870,nFMC,Guyana,1864.15,211
871,wkGX,Chile,4064.16,145
872,nbTtGI,Paraguay,2755.95,536
873,QhpO,Jamaica,9057.55,473
874,BGgtHUUPZF,Saint Helena,5471.4,249
875,AzxrvKttHn,France,5271.4,965
876,FCZfiGKEwx,Central African Republic,9342.79,516
877,eOdNoKCA,Holy See (Vatican City State),8595.18,364
878,I DT,Ukraine,2184.39,667
879,ERFGch,Cambodia,9754.7,180
880,xNlvXQKN,Kiribati,9858.51,25
881,NGmeq,Bahrain,5186.66,262
882,AlnNUItFXN,Japan,3702.11,92
883,Qck,"Congo, The Democratic Republic of the",2955.78,293
884,FxX V,Kiribati,7130.66,684
885,crCa,Albania,1165.56,726
886,iFgLcSIeY,Bangladesh,5258.63,463
887,rzEvpeVKh,French Southern Territories,7838.99,367
888,Am DDhLjTK,Botswana,2550.53,371
889,WIe,United States,3981.18,826
890,xToE J,Georgia,1392.84,849
891,QXodf,Paraguay,5238.42,489
892,yFaoCs,Gambia,6136.73,719
893,Jt,Saint Pierre and Miquelon,2153.76,40
894,qWqjcVsAD,Venezuela,3724.04,365
895,pVIMJfATS,New Caledonia,7730.3,518
896,jcGx,Martinique,5106.79,37
897,pNwwd zz,Hong Kong,5086.41,955
898,NF,Brunei Darussalam,1709.11,939
899,SEaV,Austria,7049.05,516
900,vogxZ,Togo,5092.84,315
901,Xbz,El Salvador,9156.33,470
902,Pi,Bahrain,5276.45,509
903,yhK,Chad,2591.94,604
904,wXrdzpnNT,Palau,4723.4,645
905,AAsSHiwhU,"Palestinian Territory, Occupied",9200.71,192
906,S AFi,Burkina Faso,1605.66,555
907,fPAJe,Estonia,6256.37,203
908,zjIlQp GX,Indonesia,7400.13,265
909,yy,Cayman Islands,349.46,454
910,PG,New Caledonia,5155.97,212
911,RRdMvpdwoI,Faroe Islands,1810.34,417
912,VeuWucr,Kyrgyzstan,4871.6,834
913,HdhHvA,Uruguay,5295.37,782
914,XMIWBXpY,Sudan,2404.32,273
915,BOqbTV,Hong Kong,900.84,124
916,GpyNJ b,United States,3370.78,62
917,JuYeZwj,Netherlands Antilles,3680.73,79
918,WfEFJYbdm,Turkmenistan,3025.7,655
919,YMBPfDJAR,Cayman Islands,8133.74,75
920,CiOxOMIZfp,Venezuela,2151.92,533
921,zkAgk iJkn,Netherlands Antilles,9915.11,291
922,HUtxjwIe,Nauru,3147.98,413
923,nzUQmODgsX,"Lao People""S Democratic Republic",3537.77,496
924,"HjsQuly ",Croatia,3145.27,265
925,zENOuPL,Portugal,4824.69,625
926,ZxOjv,Dominica,7667.51,957
927,RkO,Cape Verde,9678.21,148
928,wGWxvxRZ,British Indian Ocean Territory,7441.29,936
929,OnxmYjIWEz,Bulgaria,3686.13,867
930,JzQlGBsM,Liechtenstein,648.41,956
931,cyUxQmN,Monaco,9988.06,918
932,zclnLuTT,Puerto Rico,4610.87,88
933,OdwYSqJYX,Ukraine,6239.29,802
934,DMQ,Palau,3948.35,213
935,QAT,Slovenia,5251.84,810
936,gwC,Sao Tome and Principe,9155.15,977
937,TBcL,Jamaica,6675.33,967
938,NYBk,Ukraine,1712.11,82
939,LvdSPqSD,Mongolia,4574.05,733
940,oHyxWjML,Marshall Islands,4995.65,147
941,tRuvcDmsV,Saint Kitts and Nevis,8221.53,302
942,NkzHlxnZ,Saint Lucia,9497.83,867
943,anHqd,Chad,2361.03,22
944,RNSEGV,Uganda,6543.13,284
945,zRosZrBfEh,Nauru,7860.81,711
946,KQ NuUk,Egypt,1922.63,507
947,fw,Isle of Man,3021.73,736
948,Rs,Mongolia,2249.72,154
949,yK,Monaco,9699.65,814
950,TZLJceXy,Wallis and Futuna,5120.12,1000
951,ZGQQ,Maldives,345.53,595
952,NKJiiBYY,Philippines,1419.17,303
953,MhDHlJOPy,Greenland,9429.57,197
954,lhNiG,Comoros,1049.99,811
955,qGuMw,Mongolia,8848.28,452
956,myi,Nepal,2219.72,4
957,JfzIH,Sweden,519.63,135
958,AZYzw,"Taiwan, Province of China",6187,630
959,RMcbC,Costa Rica,9231.13,244
960,rXm,Namibia,5229.64,200
961,CTKkMDBpz,Switzerland,7002.58,37
962,DhFOGWggA,Angola,3680.76,644
963,mSB,Mozambique,8361.13,140
964,UgFBgSs,Mauritius,371.49,789
965,eGSZcnFFZ,Algeria,5260.77,159
966," fSpGkHa",Bangladesh,238.93,704
967,NyxcbFNIsW,"Congo, The Democratic Republic of the",6297.41,854
968,hcQROTgC,Guyana,1178.78,794
969,MahK,Anguilla,6910.42,23
970,yfY,Saint Lucia,5998.56,347
971,ebZlGH,Aruba,3719.41,402
972,pQgZdErCM,Tokelau,9893.62,167
973,dkqgAH,United Arab Emirates,6978.69,635
974,XqEiQq,French Southern Territories,2955.88,291
975,RHtpV,Uruguay,8855.59,836
976,BZIFnYaXZ,"Micronesia, Federated States of",6475.72,495
977,"FeX ",Spain,124.14,970
978,HYdmhH,Albania,2514.02,999
979,iMLfAShA,Hungary,3410.32,971
980,Db,South Georgia and the South Sandwich Islands,6243.76,950
981,FlTPnxRe,Senegal,7178.95,96
982,JPsVEh E,Iraq,4358.72,892
983,jEcJYmV,Morocco,5498.94,218
984,pI,Cape Verde,4860.29,586
985,TKPqk,Zimbabwe,6617.95,650
986,uqNa,Mayotte,1131.05,113
987,oU,Tajikistan,3636.47,262
988,AEU,Switzerland,4088.06,140
989,rjy,South Georgia and the South Sandwich Islands,6814.45,386
990,wtQMOo,Namibia,4033.36,773
991,gCpw,Sweden,458.11,887
992,WzlQL,Mauritania,1934.24,817
993,flCz,Latvia,7092.37,91
994,eYKRR,Cook Islands,3510.64,968
995," eGGgavJ",Turks and Caicos Islands,2892.94,561
996,GgqNpPpdTg,Italy,8976.19,662
997,LthzT,Angola,953.09,696
998,UCMn,Namibia,9753.01,145
999,GCb,Ireland,4523.4,349
1000,IqSfZpGCVT,Congo,2135.87,783
1001,zIZaOHqnCi,Syrian Arab Republic,1291.78,37
1002,JLDFkH,Comoros,4149,299
1003,KnwkPJC,Guinea-Bissau,8118.58,942
1004,AGSiqIrf,Holy See (Vatican City State),7746.52,650
1005,nQxcgNX,Mexico,9978.41,372
1006,IYsPCFu,Papua New Guinea,7610.22,240
1007,aaQlFvTkO,Bangladesh,4110.34,472
1008,VDwmK,France,9764.71,612
1009,Eq,Viet Nam,1824.67,834
1010,rIWpwox,Turks and Caicos Islands,2745.02,981
1011,eC,Austria,9077.57,853
1012,pcGTbnn,Panama,5600.56,87
1013,lbkVCEI yS,Oman,6865.79,686
1014,ZAmYRS,Jamaica,7747.33,32
1015,QjzY,Sri Lanka,1978.16,877
1016,Qr,Burkina Faso,8278.35,905
1017,eDiAaHy,Tonga,3131,467
1018,lGrKiFJ,Kiribati,3587.75,736
1019,oUjMmvuNr,Mozambique,1108.64,123
1020,dFjs,Seychelles,9185.17,896
1021,nUDZMHZWr,Mozambique,1099.93,559
1022,ezznptY,Sweden,6409.13,392
1023,pSKUngz,Croatia,315.04,419
1024,gZcADqt,Philippines,5155.98,800
1025,Ad,Slovakia,969.59,467
1026,ixHZwx,Pakistan,6165.99,55
1027,vfabvtNyF,Botswana,3583.47,867
1028,oQuo,Belarus,8577.11,948
1029,XdGWYSLeI,Qatar,2359.66,433
1030,yzQHrgWbK,Nigeria,9742.15,984
1031,msXSrcaEpe,Greece,7236.17,605
1032,Kl,Lebanon,4548.91,676
1033,HcD,Indonesia,7840.34,59
1034,"NAl ",Costa Rica,785.01,4
1035,OQXR,Austria,1948.49,742
1036,ItOyg,Canada,8434.47,907
1037,duoiayjT,Solomon Islands,6889.69,787
1038,jObT,Svalbard and Jan Mayen,8534.84,891
1039,cuOAZi,New Zealand,9798.46,633
1040,"iaDCaK ",Jordan,4277,637
1041,QOBBea,Saint Pierre and Miquelon,6067.59,695
1042,WRc PmEZUt,Zambia,8078.76,358
1043,iVUPV,Gambia,9127.51,541
1044,jAkHlWrvR,France,9596.15,55
1045,nrQiKTXoFw,Thailand,3286.22,123
1046,YY,"Macedonia, The Former Yugoslav Republic of",1757.82,70
1047,gsEWZ,Venezuela,9983.47,56
1048,DKY,France,2689.31,500
1049,tsdAHjAR,Martinique,5192.53,269
1050,fBCFRbT,Western Sahara,7382.42,21
1051,oIEQjhl,Germany,4192.05,451
1052,ltyaECG,Tokelau,6564.59,573
1053,Wjik,Cameroon,3086.63,207
1054,sfXj,Guinea,9011.46,393
1055,ylm Sk,Zimbabwe,6154.38,510
1056,BiJ,Mongolia,6634.39,883
1057,tTNM,Gibraltar,6647.76,445
1058,ZCa,Germany,4761,766
1059,sZ PQyDBnV,Saint Pierre and Miquelon,568.74,900
1060," yNBy",Dominica,6527.62,588
1061,TjW,Fiji,5247.31,199
1062,ncBH,Denmark,469.29,201
1063,lbCuD,Sudan,1283.31,397
1064,fe,Sri Lanka,56.85,730
1065,MeZqiazBv,Iraq,6432.94,750
1066,plGB,"Congo, The Democratic Republic of the",3089.16,902
1067,QpZSjAqQ,Heard Island and Mcdonald Islands,6796.37,79
1068,"kpra ","Korea, Republic of",5077.29,223
1069,Ig,Maldives,9028.4,731
1070,Grh,Argentina,4777.22,553
1071,TVqpwH,Bolivia,4851.83,961
1072,kXTgWN,Falkland Islands (Malvinas),3546.4,278
1073,JhL,Fiji,8498.5,33
1074,iyFNBqgtfl,Cyprus,5730.85,462
1075,JC,Chile,3102.59,403
1076,eEPVgmQKT,Turkmenistan,6142.56,253
1077,bMTGvVKhW,Saint Helena,457.89,47
1078,ZSnVntNGkf,French Guiana,6450.58,913
1079,pvLZpFgAZx,Ecuador,42.05,642
1080,TTo,Nicaragua,995.86,600
1081,lA,Bangladesh,8792.37,584
1082,BUb,Heard Island and Mcdonald Islands,6040.63,252
1083,pe,Senegal,8902.02,865
1084,Vn,Solomon Islands,5087.31,986
1085,JlZaZzNv,Croatia,8421.6,999
1086,bjzABTiIvT,Botswana,466.18,246
1087,VAQXBEKDcp,Grenada,5467.58,58
1088,gXQIg,Botswana,5459.6,783
1089,MCw,Saudi Arabia,3992.28,846
1090,MhHo,Azerbaijan,5921.7,171
1091,NNnhukv,Belgium,7124.12,849
1092,IqjRwESDR,Viet Nam,7909.19,278
1093,WFn,Papua New Guinea,7453.17,369
1094,lnkAot,Cyprus,188.97,472
1095,gTz,Isle of Man,5023.8,423
1096,gwdZnQCwq,Botswana,9371.85,184
1097,fEioT,Malawi,316.91,586
1098,iog,Åland Islands,1329.39,863
1099,IragxS,Guinea,7076.52,605